n,time
1,4.76837158203125e-07
2,4.76837158203125e-07
3,4.76837158203125e-07
4,7.152557373046875e-07
5,7.152557373046875e-07
6,9.5367431640625e-07
7,1.1920928955078125e-06
8,1.430511474609375e-06
9,1.5497207641601562e-06
10,1.7881393432617188e-06
11,1.9073486328125e-06
12,2.1457672119140625e-06
13,2.6226043701171875e-06
14,2.86102294921875e-06
15,3.0994415283203125e-06
16,3.337860107421875e-06
17,3.814697265625e-06
18,4.291534423828125e-06
19,4.5299530029296875e-06
20,4.76837158203125e-06
21,5.245208740234375e-06
22,5.7220458984375e-06
23,6.198883056640625e-06
24,6.67572021484375e-06
25,7.152557373046875e-06
26,7.62939453125e-06
27,8.58306884765625e-06
28,8.821487426757812e-06
29,9.417533874511719e-06
30,9.775161743164062e-06
31,1.0728836059570312e-05
32,1.1205673217773438e-05
33,1.4066696166992188e-05
34,1.430511474609375e-05
35,1.4543533325195312e-05
36,1.430511474609375e-05
37,1.4662742614746094e-05
38,1.4781951904296875e-05
39,1.5020370483398438e-05
40,1.52587890625e-05
41,1.5735626220703125e-05
42,1.5974044799804688e-05
43,1.6450881958007812e-05
44,1.6808509826660156e-05
45,1.71661376953125e-05
46,1.7404556274414062e-05
47,1.7642974853515625e-05
48,1.811981201171875e-05
49,1.8596649169921875e-05
50,1.9073486328125e-05
51,1.9311904907226562e-05
52,2.002716064453125e-05
53,2.014636993408203e-05
54,2.09808349609375e-05
55,2.110004425048828e-05
56,2.193450927734375e-05
57,2.3126602172851562e-05
58,2.288818359375e-05
59,2.3365020751953125e-05
60,2.4318695068359375e-05
61,2.47955322265625e-05
62,2.5987625122070312e-05
63,2.6226043701171875e-05
64,2.7298927307128906e-05
65,3.218650817871094e-05
66,3.218650817871094e-05
67,3.218650817871094e-05
68,3.314018249511719e-05
69,3.361701965332031e-05
70,3.2901763916015625e-05
71,3.361701965332031e-05
72,3.314018249511719e-05
73,3.337860107421875e-05
74,3.707408905029297e-05
75,3.647804260253906e-05
76,3.5762786865234375e-05
77,3.552436828613281e-05
78,3.528594970703125e-05
79,3.62396240234375e-05
80,3.647804260253906e-05
81,3.695487976074219e-05
82,3.719329833984375e-05
83,3.7670135498046875e-05
84,3.838539123535156e-05
85,3.838539123535156e-05
86,3.921985626220703e-05
87,3.981590270996094e-05
88,4.029273986816406e-05
89,4.088878631591797e-05
90,4.172325134277344e-05
91,4.220008850097656e-05
92,4.267692565917969e-05
93,4.38690185546875e-05
94,4.410743713378906e-05
95,4.4465065002441406e-05
96,4.494190216064453e-05
97,4.8160552978515625e-05
98,4.863739013671875e-05
99,6.42538070678711e-05
100,4.9114227294921875e-05
101,4.9114227294921875e-05
102,4.9114227294921875e-05
103,4.982948303222656e-05
104,4.947185516357422e-05
105,5.0067901611328125e-05
106,5.1021575927734375e-05
107,5.078315734863281e-05
108,5.221366882324219e-05
109,5.245208740234375e-05
110,5.2928924560546875e-05
111,5.269050598144531e-05
112,5.364418029785156e-05
113,5.412101745605469e-05
114,5.459785461425781e-05
115,5.4836273193359375e-05
116,5.519390106201172e-05
117,5.555152893066406e-05
118,5.698204040527344e-05
119,5.745887756347656e-05
120,5.7578086853027344e-05
121,5.817413330078125e-05
122,5.936622619628906e-05
123,5.984306335449219e-05
124,6.0558319091796875e-05
125,6.115436553955078e-05
126,6.198883056640625e-05
127,6.246566772460938e-05
128,6.35385513305664e-05
129,7.200241088867188e-05
130,7.259845733642578e-05
131,7.271766662597656e-05
132,7.295608520507812e-05
133,7.343292236328125e-05
134,7.343292236328125e-05
135,7.367134094238281e-05
136,7.414817810058594e-05
137,7.402896881103516e-05
138,7.510185241699219e-05
139,7.557868957519531e-05
140,7.56978988647461e-05
141,7.581710815429688e-05
142,7.665157318115234e-05
143,7.724761962890625e-05
144,8.475780487060547e-05
145,7.82012939453125e-05
146,7.891654968261719e-05
147,0.0001062154769897461
148,8.249282836914062e-05
149,8.273124694824219e-05
150,8.130073547363281e-05
151,8.20159912109375e-05
152,8.249282836914062e-05
153,8.45193862915039e-05
154,8.249282836914062e-05
155,8.273124694824219e-05
156,8.33272933959961e-05
157,8.463859558105469e-05
158,8.463859558105469e-05
159,8.654594421386719e-05
160,0.00010418891906738281
161,8.96453857421875e-05
162,9.000301361083984e-05
163,9.012222290039062e-05
164,9.036064147949219e-05
165,9.107589721679688e-05
166,9.107589721679688e-05
167,9.1552734375e-05
168,9.167194366455078e-05
169,9.179115295410156e-05
170,9.34600830078125e-05
171,9.298324584960938e-05
172,9.322166442871094e-05
173,9.357929229736328e-05
174,9.40561294555664e-05
175,9.40561294555664e-05
176,9.429454803466797e-05
177,9.560585021972656e-05
178,9.608268737792969e-05
179,9.608268737792969e-05
180,9.679794311523438e-05
181,9.751319885253906e-05
182,9.882450103759766e-05
183,9.906291961669922e-05
184,9.942054748535156e-05
185,9.989738464355469e-05
186,0.00010061264038085938
187,0.00010156631469726562
188,0.00010204315185546875
189,0.00010371208190917969
190,0.00010406970977783203
191,0.0001049041748046875
192,0.00010466575622558594
193,0.00010991096496582031
194,0.00011098384857177734
195,0.000110626220703125
196,0.00011169910430908203
197,0.000110626220703125
198,0.00011205673217773438
199,0.0001119375228881836
200,0.00011324882507324219
201,0.00011301040649414062
202,0.00011444091796875
203,0.00011396408081054688
204,0.00011444091796875
205,0.00011444091796875
206,0.00011539459228515625
207,0.00011658668518066406
208,0.00011706352233886719
209,0.00011658668518066406
210,0.00011658668518066406
211,0.0001163482666015625
212,0.000118255615234375
213,0.00011873245239257812
214,0.000118255615234375
215,0.00011861324310302734
216,0.0001195669174194336
217,0.0001207590103149414
218,0.00012135505676269531
219,0.00012159347534179688
220,0.00012183189392089844
221,0.00012373924255371094
222,0.0001239776611328125
223,0.00012540817260742188
224,0.00012576580047607422
225,0.0001277923583984375
226,0.00012922286987304688
227,0.00012969970703125
228,0.00013065338134765625
229,0.00013065338134765625
230,0.00012993812561035156
231,0.00013113021850585938
232,0.00013184547424316406
233,0.0001316070556640625
234,0.0001323223114013672
235,0.00013339519500732422
236,0.00013375282287597656
237,0.00013387203216552734
238,0.00013446807861328125
239,0.0001347064971923828
240,0.00013494491577148438
241,0.00013494491577148438
242,0.0001361370086669922
243,0.0001366138458251953
244,0.00013768672943115234
245,0.00013780593872070312
246,0.00013911724090576172
247,0.00013935565948486328
248,0.0001399517059326172
249,0.000141143798828125
250,0.00014150142669677734
251,0.0001437664031982422
252,0.0001442432403564453
253,0.00014412403106689453
254,0.00014472007751464844
255,0.00014460086822509766
256,0.00014638900756835938
257,0.00016367435455322266
258,0.00016367435455322266
259,0.00016450881958007812
260,0.0001647472381591797
261,0.00016570091247558594
262,0.00016558170318603516
263,0.00016629695892333984
264,0.00016617774963378906
265,0.00016689300537109375
266,0.00016796588897705078
267,0.0001678466796875
268,0.0001678466796875
269,0.00016891956329345703
270,0.00016820430755615234
271,0.00016951560974121094
272,0.00017011165618896484
273,0.00017011165618896484
274,0.00017023086547851562
275,0.0001709461212158203
276,0.0001704692840576172
277,0.00017082691192626953
278,0.0001728534698486328
279,0.00017213821411132812
280,0.00017595291137695312
281,0.00017499923706054688
282,0.0001748800277709961
283,0.00017547607421875
284,0.00017642974853515625
285,0.0001780986785888672
286,0.00017762184143066406
287,0.00017976760864257812
288,0.0001806020736694336
289,0.00018322467803955078
290,0.0001817941665649414
291,0.00018310546875
292,0.00018274784088134766
293,0.0001838207244873047
294,0.0001838207244873047
295,0.00018334388732910156
296,0.00018393993377685547
297,0.00018477439880371094
298,0.00018453598022460938
299,0.00018608570098876953
300,0.0001862049102783203
301,0.00018715858459472656
302,0.000186920166015625
303,0.00018835067749023438
304,0.00018715858459472656
305,0.00018870830535888672
306,0.00018870830535888672
307,0.0001894235610961914
308,0.00018978118896484375
309,0.00019097328186035156
310,0.0001913309097290039
311,0.00019216537475585938
312,0.0001926422119140625
313,0.00019311904907226562
314,0.000194549560546875
315,0.00019502639770507812
316,0.00019598007202148438
317,0.0001976490020751953
318,0.00019788742065429688
319,0.0001990795135498047
320,0.00019943714141845703
321,0.00020396709442138672
322,0.00020635128021240234
323,0.00020611286163330078
324,0.00020647048950195312
325,0.0002065896987915039
326,0.0002065896987915039
327,0.00020682811737060547
328,0.00020802021026611328
329,0.00020802021026611328
330,0.00020933151245117188
331,0.0002086162567138672
332,0.00020956993103027344
333,0.00020956993103027344
334,0.00020992755889892578
335,0.0002129077911376953
336,0.00021219253540039062
337,0.0002129077911376953
338,0.00021266937255859375
339,0.000213623046875
340,0.00021386146545410156
341,0.00021636486053466797
342,0.00021648406982421875
343,0.00021600723266601562
344,0.000217437744140625
345,0.0002180337905883789
346,0.00021779537200927734
347,0.00021922588348388672
348,0.00021958351135253906
349,0.00022089481353759766
350,0.00022125244140625
351,0.00022351741790771484
352,0.0002218484878540039
353,0.00022530555725097656
354,0.0002256631851196289
355,0.0002257823944091797
356,0.00022733211517333984
357,0.0002275705337524414
358,0.00022685527801513672
359,0.00022840499877929688
360,0.0002281665802001953
361,0.00022912025451660156
362,0.00022912025451660156
363,0.0002301931381225586
364,0.00023031234741210938
365,0.00023186206817626953
366,0.0002321004867553711
367,0.00023376941680908203
368,0.00023365020751953125
369,0.00023603439331054688
370,0.00023353099822998047
371,0.00023424625396728516
372,0.00023651123046875
373,0.0002371072769165039
374,0.00023889541625976562
375,0.00023937225341796875
376,0.00024056434631347656
377,0.0002409219741821289
378,0.00024080276489257812
379,0.0002422332763671875
380,0.0002429485321044922
381,0.00024318695068359375
382,0.00024366378784179688
383,0.0002459287643432617
384,0.00024569034576416016
385,0.0002567768096923828
386,0.00025773048400878906
387,0.00025784969329833984
388,0.0002582073211669922
389,0.0002582073211669922
390,0.0002579689025878906
391,0.0002582073211669922
392,0.0002579689025878906
393,0.00025916099548339844
394,0.00026094913482666016
395,0.00025975704193115234
396,0.0002617835998535156
397,0.0002624988555908203
398,0.00026154518127441406
399,0.0002627372741699219
400,0.000263214111328125
401,0.00026416778564453125
402,0.00026488304138183594
403,0.0002663135528564453
404,0.0002650022506713867
405,0.00026535987854003906
406,0.0002651214599609375
407,0.00026810169219970703
408,0.00026702880859375
409,0.00026810169219970703
410,0.00026810169219970703
411,0.00030291080474853516
412,0.00027060508728027344
413,0.0002701282501220703
414,0.00027120113372802734
415,0.0002726316452026367
416,0.0002739429473876953
417,0.00027740001678466797
418,0.00027680397033691406
419,0.0002766847610473633
420,0.0002779960632324219
421,0.0002771615982055664
422,0.0002772808074951172
423,0.00027942657470703125
424,0.0002791881561279297
425,0.0002796649932861328
426,0.00027942657470703125
427,0.0002824068069458008
428,0.00028121471405029297
429,0.00028133392333984375
430,0.0002816915512084961
431,0.0002841949462890625
432,0.00028312206268310547
433,0.0002840757369995117
434,0.00028526782989501953
435,0.00028586387634277344
436,0.00028705596923828125
437,0.0002874135971069336
438,0.0002880096435546875
439,0.00028955936431884766
440,0.0002897977828979492
441,0.0002900362014770508
442,0.0002903938293457031
443,0.00029397010803222656
444,0.00029408931732177734
445,0.000293731689453125
446,0.00029659271240234375
447,0.00029671192169189453
448,0.00029718875885009766
449,0.0003033876419067383
450,0.00030159950256347656
451,0.0003027915954589844
452,0.0003037452697753906
453,0.00030303001403808594
454,0.0003046989440917969
455,0.0003056526184082031
456,0.00030541419982910156
457,0.0003056526184082031
458,0.0003066062927246094
459,0.00042438507080078125
460,0.0003082752227783203
461,0.00030791759490966797
462,0.00030934810638427734
463,0.00030875205993652344
464,0.0003095865249633789
465,0.0003104209899902344
466,0.00030982494354248047
467,0.0003097057342529297
468,0.00031065940856933594
469,0.0003113746643066406
470,0.0003129243850708008
471,0.00031256675720214844
472,0.0003135204315185547
473,0.00031363964080810547
474,0.0003165006637573242
475,0.0003170967102050781
476,0.00031757354736328125
477,0.0003197193145751953
478,0.0003185272216796875
479,0.00032019615173339844
480,0.00032138824462890625
481,0.00032389163970947266
482,0.0003230571746826172
483,0.0003262758255004883
484,0.00032651424407958984
485,0.00032520294189453125
486,0.00032782554626464844
487,0.00032639503479003906
488,0.00032889842987060547
489,0.00032770633697509766
490,0.0003285408020019531
491,0.00032806396484375
492,0.0003294944763183594
493,0.00033032894134521484
494,0.00033283233642578125
495,0.0003323554992675781
496,0.0003325939178466797
497,0.0003333091735839844
498,0.00033473968505859375
499,0.0003364086151123047
500,0.0003364086151123047
501,0.0003371238708496094
502,0.00033867359161376953
503,0.0003387928009033203
504,0.00033974647521972656
505,0.00034224987030029297
506,0.0003418922424316406
507,0.0003434419631958008
508,0.00034356117248535156
509,0.0003451108932495117
510,0.0003452301025390625
511,0.00034677982330322266
512,0.0003478527069091797
513,0.0003795623779296875
514,0.0003834962844848633
515,0.0003840923309326172
516,0.00038444995880126953
517,0.0003846883773803711
518,0.00038933753967285156
519,0.0003871917724609375
520,0.0003876686096191406
521,0.0003873109817504883
522,0.0003883838653564453
523,0.0003905296325683594
524,0.00038814544677734375
525,0.0003879070281982422
526,0.00038874149322509766
527,0.00039327144622802734
528,0.0003908872604370117
529,0.0003905296325683594
530,0.0003924369812011719
531,0.00039267539978027344
532,0.00039255619049072266
533,0.0003927946090698242
534,0.00039267539978027344
535,0.00039315223693847656
536,0.0003924369812011719
537,0.0003952980041503906
538,0.0003955364227294922
539,0.0003961324691772461
540,0.00039827823638916016
541,0.0003986358642578125
542,0.00039887428283691406
543,0.00039780139923095703
544,0.00039899349212646484
545,0.0004023313522338867
546,0.0004025697708129883
547,0.00040352344512939453
548,0.0004048347473144531
549,0.0004038810729980469
550,0.0004038810729980469
551,0.0004080533981323242
552,0.0004056692123413086
553,0.0004057884216308594
554,0.00040543079376220703
555,0.0004056692123413086
556,0.0004086494445800781
557,0.0004086494445800781
558,0.0004075765609741211
559,0.000408172607421875
560,0.0004100799560546875
561,0.00040841102600097656
562,0.0004100799560546875
563,0.00041604042053222656
564,0.0004124641418457031
565,0.0004137754440307617
566,0.0004140138626098633
567,0.0004140138626098633
568,0.0004153251647949219
569,0.0004169940948486328
570,0.000415802001953125
571,0.0004169940948486328
572,0.0004169940948486328
573,0.0004177093505859375
574,0.0004214048385620117
575,0.00042116641998291016
576,0.0004202127456665039
577,0.0004259347915649414
578,0.0004258155822753906
579,0.00042700767517089844
580,0.00042808055877685547
581,0.00042951107025146484
582,0.0004290342330932617
583,0.0004291534423828125
584,0.00043129920959472656
585,0.0004317760467529297
586,0.00043129920959472656
587,0.0004309415817260742
588,0.0004316568374633789
589,0.00043082237243652344
590,0.00043320655822753906
591,0.0004330873489379883
592,0.00043404102325439453
593,0.0004354715347290039
594,0.00043463706970214844
595,0.0004360675811767578
596,0.0004373788833618164
597,0.0004374980926513672
598,0.0004382133483886719
599,0.0004398822784423828
600,0.0004385709762573242
601,0.0004385709762573242
602,0.00044035911560058594
603,0.00043952465057373047
604,0.0004432201385498047
605,0.0004423856735229492
606,0.0004458427429199219
607,0.000446319580078125
608,0.0004481077194213867
609,0.0004496574401855469
610,0.0004475116729736328
611,0.00045180320739746094
612,0.0004534721374511719
613,0.0004520416259765625
614,0.0004546642303466797
615,0.0004546642303466797
616,0.0004540681838989258
617,0.0004532337188720703
618,0.0004544258117675781
619,0.0004527568817138672
620,0.0004527568817138672
621,0.00045371055603027344
622,0.00045430660247802734
623,0.0004552602767944336
624,0.00045299530029296875
625,0.0004552602767944336
626,0.0004564523696899414
627,0.0004576444625854492
628,0.0004576444625854492
629,0.0004578828811645508
630,0.0004595518112182617
631,0.0004601478576660156
632,0.0004611015319824219
633,0.0004630088806152344
634,0.0004621744155883789
635,0.0004634857177734375
636,0.0004652738571166992
637,0.00046563148498535156
638,0.00046694278717041016
639,0.0004678964614868164
640,0.00046825408935546875
641,0.0004781484603881836
642,0.00047779083251953125
643,0.00047791004180908203
644,0.0004801750183105469
645,0.00048041343688964844
646,0.0004818439483642578
647,0.0004818439483642578
648,0.0004818439483642578
649,0.0004831552505493164
650,0.00048279762268066406
651,0.0004819631576538086
652,0.0004826784133911133
653,0.00048482418060302734
654,0.00048339366912841797
655,0.0004868507385253906
656,0.0004862546920776367
657,0.0004862546920776367
658,0.0004889965057373047
659,0.0004904270172119141
660,0.0004887580871582031
661,0.0004899501800537109
662,0.000491023063659668
663,0.0004911422729492188
664,0.0004895925521850586
665,0.0004913806915283203
666,0.0004930496215820312
667,0.000493168830871582
668,0.0004922151565551758
669,0.0004911422729492188
670,0.0004956722259521484
671,0.0004937648773193359
672,0.0004940032958984375
673,0.0004967451095581055
674,0.0004968643188476562
675,0.0004990100860595703
676,0.0004991292953491211
677,0.0005000829696655273
678,0.0004991292953491211
679,0.0005009174346923828
680,0.0005000829696655273
681,0.0005004405975341797
682,0.0005033016204833984
683,0.0005035400390625
684,0.0005050897598266602
685,0.0005066394805908203
686,0.0005049705505371094
687,0.0005068778991699219
688,0.0005078315734863281
689,0.0005097389221191406
690,0.0005091428756713867
691,0.0005102157592773438
692,0.0005090236663818359
693,0.0005064010620117188
694,0.0005083084106445312
695,0.0005091428756713867
696,0.0005087852478027344
697,0.0005097389221191406
698,0.0005109310150146484
699,0.0005120038986206055
700,0.0005120038986206055
701,0.0005156993865966797
702,0.0005143880844116211
703,0.0005155801773071289
704,0.0005168914794921875
705,0.000522613525390625
706,0.0005252361297607422
707,0.0005229711532592773
708,0.0005241632461547852
709,0.0005242824554443359
710,0.0005259513854980469
711,0.0005255937576293945
712,0.0005257129669189453
713,0.0005266666412353516
714,0.0005257129669189453
715,0.0005261898040771484
716,0.0005297660827636719
717,0.0005276203155517578
718,0.0005300045013427734
719,0.0005300045013427734
720,0.0005347728729248047
721,0.0005297660827636719
722,0.0005320310592651367
723,0.0005322694778442383
724,0.0005356073379516602
725,0.0005350112915039062
726,0.0005357265472412109
727,0.0005381107330322266
728,0.0005390644073486328
729,0.0005366802215576172
730,0.0005390644073486328
731,0.0005390644073486328
732,0.0005394220352172852
733,0.0005415678024291992
734,0.0005410909652709961
735,0.0005410909652709961
736,0.0005462169647216797
737,0.0005446672439575195
738,0.0005462169647216797
739,0.0005475282669067383
740,0.0005475282669067383
741,0.0005496740341186523
742,0.0005491971969604492
743,0.0005481243133544922
744,0.0005499124526977539
745,0.0005537271499633789
746,0.0005517005920410156
747,0.0005536079406738281
748,0.0005551576614379883
749,0.000554203987121582
750,0.0005555152893066406
751,0.0005533695220947266
752,0.0005556344985961914
753,0.0005573034286499023
754,0.0005574226379394531
755,0.0005578994750976562
756,0.0005583763122558594
757,0.0005583763122558594
758,0.0005600452423095703
759,0.0005626678466796875
760,0.0005612373352050781
761,0.0005623102188110352
762,0.0005632638931274414
763,0.0005660057067871094
764,0.0005646944046020508
765,0.0005648136138916016
766,0.0005671977996826172
767,0.0005706548690795898
768,0.0005706548690795898
769,0.0005884170532226562
770,0.0005894899368286133
771,0.0005903244018554688
772,0.0005913972854614258
773,0.0005922317504882812
774,0.0005959272384643555
775,0.0005900859832763672
776,0.0005881786346435547
777,0.0005880594253540039
778,0.0005873441696166992
779,0.0005911588668823242
780,0.0006347894668579102
781,0.000639796257019043
782,0.0006389617919921875
783,0.0006396770477294922
784,0.0006368160247802734
785,0.0006386041641235352
786,0.0006389617919921875
787,0.0006396770477294922
788,0.0006444454193115234
789,0.0006417036056518555
790,0.0006420612335205078
791,0.0006439685821533203
792,0.0006432533264160156
793,0.0006452798843383789
794,0.0006459951400756836
795,0.0006433725357055664
796,0.0006455183029174805
797,0.0006470680236816406
798,0.0006507635116577148
799,0.0006496906280517578
800,0.0006499290466308594
801,0.0006541013717651367
802,0.0006535053253173828
803,0.0006576776504516602
804,0.0006527900695800781
805,0.0006536245346069336
806,0.0006558895111083984
807,0.0006542205810546875
808,0.0006554126739501953
809,0.0006575584411621094
810,0.0006568431854248047
811,0.0006589889526367188
812,0.0006570816040039062
813,0.0006639957427978516
814,0.0006585121154785156
815,0.0006583929061889648
816,0.0006607770919799805
817,0.0006631612777709961
818,0.0006630420684814453
819,0.0006632804870605469
820,0.0006651878356933594
821,0.0006688833236694336
822,0.0006666183471679688
823,0.0006673336029052734
824,0.0006701946258544922
825,0.0006670951843261719
826,0.0006699562072753906
827,0.0006715059280395508
828,0.0006716251373291016
829,0.0006722211837768555
830,0.0006750822067260742
831,0.0006730556488037109
832,0.0006750822067260742
833,0.0006858110427856445
834,0.0006847381591796875
835,0.0006798505783081055
836,0.0006834268569946289
837,0.0006846189498901367
838,0.0006844997406005859
839,0.0006844997406005859
840,0.0006873607635498047
841,0.0006864070892333984
842,0.0006861686706542969
843,0.0006864070892333984
844,0.000690460205078125
845,0.0006866455078125
846,0.0006880760192871094
847,0.0006899833679199219
848,0.0006916522979736328
849,0.0006999969482421875
850,0.0006923675537109375
851,0.0006948709487915039
852,0.0006948709487915039
853,0.0006963014602661133
854,0.0007075071334838867
855,0.0006957054138183594
856,0.0006967782974243164
857,0.0006973743438720703
858,0.000699162483215332
859,0.0007003545761108398
860,0.0007014274597167969
861,0.0007023811340332031
862,0.0007055997848510742
863,0.0007026195526123047
864,0.0007064342498779297
865,0.0007083415985107422
866,0.0007097721099853516
867,0.0007090568542480469
868,0.0007107257843017578
869,0.0007121562957763672
870,0.0007110834121704102
871,0.0007115602493286133
872,0.0007115602493286133
873,0.0007116794586181641
874,0.000716090202331543
875,0.000716090202331543
876,0.0007159709930419922
877,0.0007148981094360352
878,0.0007169246673583984
879,0.0007165670394897461
880,0.0007174015045166016
881,0.0007174015045166016
882,0.0007193088531494141
883,0.0007176399230957031
884,0.0007226467132568359
885,0.0007266998291015625
886,0.0007219314575195312
887,0.0007240772247314453
888,0.0007215738296508789
889,0.0007236003875732422
890,0.000722050666809082
891,0.0007257461547851562
892,0.0007246732711791992
893,0.0007268190383911133
894,0.0007277727127075195
895,0.0007321834564208984
896,0.0007348060607910156
897,0.000746607780456543
898,0.0007519721984863281
899,0.0007523298263549805
900,0.000748753547668457
901,0.0007520914077758789
902,0.0007503032684326172
903,0.0007535219192504883
904,0.0007541179656982422
905,0.0007518529891967773
906,0.0007541179656982422
907,0.0007555484771728516
908,0.0007551908493041992
909,0.0007555484771728516
910,0.0007560253143310547
911,0.0007578134536743164
912,0.0007574558258056641
913,0.0007586479187011719
914,0.0007585287094116211
915,0.0007607936859130859
916,0.0007604360580444336
917,0.0007606744766235352
918,0.0007628202438354492
919,0.0007649660110473633
920,0.000762939453125
921,0.0007634162902832031
922,0.0007658004760742188
923,0.0007653236389160156
924,0.0007671117782592773
925,0.0007702112197875977
926,0.0007683038711547852
927,0.0007778406143188477
928,0.0007693767547607422
929,0.0007747411727905273
930,0.0007764101028442383
931,0.0007767677307128906
932,0.0007725954055786133
933,0.000774383544921875
934,0.0007709264755249023
935,0.000777125358581543
936,0.0007835626602172852
937,0.0007799863815307617
938,0.0007776021957397461
939,0.0007762908935546875
940,0.0007817745208740234
941,0.0007795095443725586
942,0.0007839202880859375
943,0.000783085823059082
944,0.0007841587066650391
945,0.0007849931716918945
946,0.0007871389389038086
947,0.0007895231246948242
948,0.0007872581481933594
949,0.0007841587066650391
950,0.0007877349853515625
951,0.0007863044738769531
952,0.000789642333984375
953,0.000792384147644043
954,0.0007946491241455078
955,0.0007995367050170898
956,0.0008018016815185547
957,0.0007969141006469727
958,0.0007919073104858398
959,0.0007967948913574219
960,0.0007975101470947266
961,0.0008040666580200195
962,0.0008095502853393555
963,0.0008039474487304688
964,0.0008069276809692383
965,0.0008075237274169922
966,0.0008070468902587891
967,0.0008091926574707031
968,0.0008065700531005859
969,0.0008032321929931641
970,0.0008081197738647461
971,0.0008066892623901367
972,0.0008063316345214844
973,0.0008108615875244141
974,0.0008149147033691406
975,0.000811457633972168
976,0.0008170604705810547
977,0.0008147954940795898
978,0.000811457633972168
979,0.0008170604705810547
980,0.0008199214935302734
981,0.0008178949356079102
982,0.0008186101913452148
983,0.0008169412612915039
984,0.0008219480514526367
985,0.0008206367492675781
986,0.0008225440979003906
987,0.0008187294006347656
988,0.0008225440979003906
989,0.0008194446563720703
990,0.0008199214935302734
991,0.0008249282836914062
992,0.0008275508880615234
993,0.0008268356323242188
994,0.0008282661437988281
995,0.0008319616317749023
996,0.0008322000503540039
997,0.0008301734924316406
998,0.0008322000503540039
999,0.0008337497711181641
1000,0.0008296966552734375
1001,0.0008283853530883789
1002,0.0008344650268554688
1003,0.0008320808410644531
1004,0.0008347034454345703
1005,0.0008361339569091797
1006,0.0008385181427001953
1007,0.000836491584777832
1008,0.0008344650268554688
1009,0.000835418701171875
1010,0.0008366107940673828
1011,0.0008420944213867188
1012,0.0008442401885986328
1013,0.0008401870727539062
1014,0.0008423328399658203
1015,0.0008451938629150391
1016,0.0008453130722045898
1017,0.0008456707000732422
1018,0.0008480548858642578
1019,0.0008487701416015625
1020,0.0008499622344970703
1021,0.0008471012115478516
1022,0.0008485317230224609
1023,0.0008505582809448242
1024,0.0008530616760253906
1025,0.0009428262710571289
1026,0.0009450912475585938
1027,0.0009467601776123047
1028,0.0009504556655883789
1029,0.0009539127349853516
1030,0.0009529590606689453
1031,0.000958561897277832
1032,0.0009554624557495117
1033,0.0009583234786987305
1034,0.0009593963623046875
1035,0.0009561777114868164
1036,0.0009630918502807617
1037,0.0009654760360717773
1038,0.0009591579437255859
1039,0.0009626150131225586
1040,0.0009616613388061523
1041,0.0009608268737792969
1042,0.0009635686874389648
1043,0.000965118408203125
1044,0.0009664297103881836
1045,0.0009620189666748047
1046,0.0009652376174926758
1047,0.0009665489196777344
1048,0.0009720325469970703
1049,0.0009673833847045898
1050,0.0009644031524658203
1051,0.000967860221862793
1052,0.0009720325469970703
1053,0.0009739398956298828
1054,0.0009807348251342773
1055,0.0009728670120239258
1056,0.0009763240814208984
1057,0.0009732246398925781
1058,0.000977635383605957
1059,0.000977635383605957
1060,0.0009784698486328125
1061,0.0009770393371582031
1062,0.0009775161743164062
1063,0.0009775161743164062
1064,0.000979304313659668
1065,0.0009804964065551758
1066,0.0009800195693969727
1067,0.0009791851043701172
1068,0.0009806156158447266
1069,0.0009810924530029297
1070,0.0009828805923461914
1071,0.000987410545349121
1072,0.0009827613830566406
1073,0.0009843111038208008
1074,0.000984787940979004
1075,0.0009846687316894531
1076,0.0009850263595581055
1077,0.0009917020797729492
1078,0.0009872913360595703
1079,0.0009876489639282227
1080,0.0009884834289550781
1081,0.0009908676147460938
1082,0.0009899139404296875
1083,0.000990152359008789
1084,0.000995039939880371
1085,0.0009914636611938477
1086,0.0009937286376953125
1087,0.0009915828704833984
1088,0.00099945068359375
1089,0.001004934310913086
1090,0.0010007619857788086
1091,0.00099945068359375
1092,0.0009995698928833008
1093,0.0009974241256713867
1094,0.000998377799987793
1095,0.0010035037994384766
1096,0.0009984970092773438
1097,0.0009999275207519531
1098,0.0009986162185668945
1099,0.0010012388229370117
1100,0.001002192497253418
1101,0.0009996891021728516
1102,0.001003265380859375
1103,0.0010023117065429688
1104,0.0010004043579101562
1105,0.001002192497253418
1106,0.0010073184967041016
1107,0.0010018348693847656
1108,0.0010014772415161133
1109,0.0010061264038085938
1110,0.0010082721710205078
1111,0.0010046958923339844
1112,0.001013040542602539
1113,0.0010050535202026367
1114,0.0010138750076293945
1115,0.001011967658996582
1116,0.0010150671005249023
1117,0.001011967658996582
1118,0.0010129213333129883
1119,0.001010894775390625
1120,0.001014113426208496
1121,0.0010237693786621094
1122,0.0010186433792114258
1123,0.0010175704956054688
1124,0.0010306835174560547
1125,0.0010182857513427734
1126,0.0010207891464233398
1127,0.0010243654251098633
1128,0.0010219812393188477
1129,0.001021742820739746
1130,0.0010224580764770508
1131,0.0010232925415039062
1132,0.0010213851928710938
1133,0.0010221004486083984
1134,0.0010242462158203125
1135,0.0010222196578979492
1136,0.0010269880294799805
1137,0.001026153564453125
1138,0.00102996826171875
1139,0.0010274648666381836
1140,0.0010311603546142578
1141,0.0010372400283813477
1142,0.0010325908660888672
1143,0.001033186912536621
1144,0.0010311603546142578
1145,0.0010406970977783203
1146,0.0010423660278320312
1147,0.0010398626327514648
1148,0.001029372215270996
1149,0.0010322332382202148
1150,0.0010296106338500977
1151,0.0010362863540649414
1152,0.0010339021682739258
1153,0.0010498762130737305
1154,0.0010466575622558594
1155,0.0010447502136230469
1156,0.0010442733764648438
1157,0.0010448694229125977
1158,0.0010459423065185547
1159,0.0010461807250976562
1160,0.0010474920272827148
1161,0.0010471343994140625
1162,0.001047372817993164
1163,0.00104522705078125
1164,0.0010483264923095703
1165,0.0010482072830200195
1166,0.001047968864440918
1167,0.0010535717010498047
1168,0.0010542869567871094
1169,0.001053929328918457
1170,0.0010601282119750977
1171,0.0010526180267333984
1172,0.001050710678100586
1173,0.001058816909790039
1174,0.0010544061660766602
1175,0.0010521411895751953
1176,0.0010597705841064453
1177,0.0010584592819213867
1178,0.0010606050491333008
1179,0.0010622739791870117
1180,0.0010628700256347656
1181,0.0010597705841064453
1182,0.0010608434677124023
1183,0.0010619163513183594
1184,0.0010601282119750977
1185,0.001068115234375
1186,0.0010715723037719727
1187,0.0010709762573242188
1188,0.0010741949081420898
1189,0.001073598861694336
1190,0.001064896583557129
1191,0.001077890396118164
1192,0.0010665655136108398
1193,0.0010689496994018555
1194,0.0010678768157958984
1195,0.0010781288146972656
1196,0.0010732412338256836
1197,0.0010808706283569336
1198,0.0010770559310913086
1199,0.0010809898376464844
1200,0.0010758638381958008
1201,0.0010769367218017578
1202,0.001076340675354004
1203,0.0010818243026733398
1204,0.001077413558959961
1205,0.001077413558959961
1206,0.0010814666748046875
1207,0.0010797977447509766
1208,0.0010951757431030273
1209,0.0010879039764404297
1210,0.0010794401168823242
1211,0.0010848045349121094
1212,0.001082301139831543
1213,0.001084446907043457
1214,0.0010852813720703125
1215,0.0010867118835449219
1216,0.0010898113250732422
1217,0.0010941028594970703
1218,0.001092672348022461
1219,0.0011012554168701172
1220,0.0010929107666015625
1221,0.001092672348022461
1222,0.001097559928894043
1223,0.001099705696105957
1224,0.0010976791381835938
1225,0.0011026859283447266
1226,0.0011004209518432617
1227,0.0011141300201416016
1228,0.0011026859283447266
1229,0.0011092424392700195
1230,0.001105189323425293
1231,0.0010983943939208984
1232,0.0011096000671386719
1233,0.0010994672775268555
1234,0.001107335090637207
1235,0.0011008977890014648
1236,0.0011016130447387695
1237,0.0011131763458251953
1238,0.0011038780212402344
1239,0.0011119842529296875
1240,0.0011096000671386719
1241,0.0011125802993774414
1242,0.0011101961135864258
1243,0.0011125802993774414
1244,0.0011186599731445312
1245,0.0011167526245117188
1246,0.0011143684387207031
1247,0.001119375228881836
1248,0.0011125802993774414
1249,0.001119375228881836
1250,0.001123666763305664
1251,0.0011205673217773438
1252,0.0011173486709594727
1253,0.001122117042541504
1254,0.0011180639266967773
1255,0.0011234283447265625
1256,0.001123189926147461
1257,0.0011178255081176758
1258,0.0011281967163085938
1259,0.0011219978332519531
1260,0.0011286735534667969
1261,0.0011305809020996094
1262,0.0011240243911743164
1263,0.0011311769485473633
1264,0.0011315345764160156
1265,0.0011311769485473633
1266,0.0011320114135742188
1267,0.0011328458786010742
1268,0.0011360645294189453
1269,0.0011377334594726562
1270,0.0011383295059204102
1271,0.0011407136917114258
1272,0.0011394023895263672
1273,0.0011409521102905273
1274,0.0011364221572875977
1275,0.0011370182037353516
1276,0.001140594482421875
1277,0.001143336296081543
1278,0.001147150993347168
1279,0.0011491775512695312
1280,0.0011464357376098633
1281,0.001173257827758789
1282,0.0011740922927856445
1283,0.0011702775955200195
1284,0.0011690855026245117
1285,0.0011730194091796875
1286,0.0011708736419677734
1287,0.001173257827758789
1288,0.0011731386184692383
1289,0.001172780990600586
1290,0.001173853874206543
1291,0.0011785030364990234
1292,0.0011768341064453125
1293,0.0011795759201049805
1294,0.001185774803161621
1295,0.001190781593322754
1296,0.0011837482452392578
1297,0.0011898279190063477
1298,0.0011879205703735352
1299,0.0011838674545288086
1300,0.0011897087097167969
1301,0.0011938810348510742
1302,0.0011858940124511719
1303,0.0011954307556152344
1304,0.001191258430480957
1305,0.0011928081512451172
1306,0.0012000799179077148
1307,0.0011926889419555664
1308,0.0012025833129882812
1309,0.0011982917785644531
1310,0.0011955499649047852
1311,0.0012007951736450195
1312,0.0011985301971435547
1313,0.0012049674987792969
1314,0.001199960708618164
1315,0.0012062788009643555
1316,0.001194000244140625
1317,0.0011930465698242188
1318,0.0011930465698242188
1319,0.0011965036392211914
1320,0.0011943578720092773
1321,0.0011975765228271484
1322,0.0011991262435913086
1323,0.001199960708618164
1324,0.0011996030807495117
1325,0.0012066364288330078
1326,0.0012015104293823242
1327,0.0011990070343017578
1328,0.001204848289489746
1329,0.0012061595916748047
1330,0.0012029409408569336
1331,0.0012011528015136719
1332,0.0012085437774658203
1333,0.0012143850326538086
1334,0.0012096166610717773
1335,0.0012087821960449219
1336,0.0012091398239135742
1337,0.0012105703353881836
1338,0.0012063980102539062
1339,0.0012160539627075195
1340,0.0012143850326538086
1341,0.001211404800415039
1342,0.001210927963256836
1343,0.0012131929397583008
1344,0.0012154579162597656
1345,0.001220703125
1346,0.001219034194946289
1347,0.0012243986129760742
1348,0.0012254714965820312
1349,0.001223444938659668
1350,0.0012271404266357422
1351,0.0012195110321044922
1352,0.0012259483337402344
1353,0.0012297630310058594
1354,0.0012297630310058594
1355,0.0012340545654296875
1356,0.0012235641479492188
1357,0.0012271404266357422
1358,0.0012311935424804688
1359,0.001228928565979004
1360,0.0012409687042236328
1361,0.001234889030456543
1362,0.0012378692626953125
1363,0.0012373924255371094
1364,0.0012422800064086914
1365,0.0012453794479370117
1366,0.0012450218200683594
1367,0.0012440681457519531
1368,0.0012395381927490234
1369,0.0012520551681518555
1370,0.0012477636337280273
1371,0.001251220703125
1372,0.0012521743774414062
1373,0.0012532472610473633
1374,0.0012481212615966797
1375,0.0012534856796264648
1376,0.0012580156326293945
1377,0.001265883445739746
1378,0.0012614727020263672
1379,0.0012573003768920898
1380,0.0012601613998413086
1381,0.0012621879577636719
1382,0.001259922981262207
1383,0.0012592077255249023
1384,0.001259446144104004
1385,0.0012557506561279297
1386,0.0012555122375488281
1387,0.0012574195861816406
1388,0.0012664794921875
1389,0.0012683868408203125
1390,0.0012521743774414062
1391,0.0012651681900024414
1392,0.001259922981262207
1393,0.0012625455856323242
1394,0.0012549161911010742
1395,0.0012613534927368164
1396,0.0012602806091308594
1397,0.0012674331665039062
1398,0.0012685060501098633
1399,0.0012737512588500977
1400,0.0012798309326171875
1401,0.0012725591659545898
1402,0.0012801885604858398
1403,0.001272439956665039
1404,0.0012819766998291016
1405,0.0012793540954589844
1406,0.0012780427932739258
1407,0.0012807846069335938
1408,0.0012832880020141602
1409,0.001294851303100586
1410,0.001288294792175293
1411,0.001299738883972168
1412,0.0013093948364257812
1413,0.0012949705123901367
1414,0.0012971162796020508
1415,0.0012865066528320312
1416,0.0012955665588378906
1417,0.0012880563735961914
1418,0.0012903213500976562
1419,0.0012885332107543945
1420,0.0012900829315185547
1421,0.0012865066528320312
1422,0.0012933015823364258
1423,0.0012871026992797852
1424,0.001294851303100586
1425,0.0012985467910766602
1426,0.0012916326522827148
1427,0.0012930631637573242
1428,0.0012984275817871094
1429,0.0012969970703125
1430,0.0012934207916259766
1431,0.0012924671173095703
1432,0.0013017654418945312
1433,0.0012969970703125
1434,0.001305222511291504
1435,0.0012998580932617188
1436,0.001297593116760254
1437,0.0012944936752319336
1438,0.001302957534790039
1439,0.0013004541397094727
1440,0.0013055801391601562
1441,0.0013086795806884766
1442,0.001312851905822754
1443,0.001310586929321289
1444,0.001309037208557129
1445,0.0013127326965332031
1446,0.0013232231140136719
1447,0.0013110637664794922
1448,0.0013158321380615234
1449,0.001307845115661621
1450,0.001309514045715332
1451,0.0013148784637451172
1452,0.001324772834777832
1453,0.0013145208358764648
1454,0.0013260841369628906
1455,0.001316070556640625
1456,0.0013158321380615234
1457,0.0013232231140136719
1458,0.0013206005096435547
1459,0.0013219118118286133
1460,0.0013227462768554688
1461,0.0013207197189331055
1462,0.0013232231140136719
1463,0.0013388395309448242
1464,0.001325845718383789
1465,0.0013369321823120117
1466,0.001337289810180664
1467,0.0013397932052612305
1468,0.0013347864151000977
1469,0.0013327598571777344
1470,0.0013432502746582031
1471,0.0013386011123657227
1472,0.0013384819030761719
1473,0.0013453960418701172
1474,0.0013488531112670898
1475,0.0013499259948730469
1476,0.0013393163681030273
1477,0.0013355016708374023
1478,0.0013306140899658203
1479,0.0013374090194702148
1480,0.0013426542282104492
1481,0.0013394355773925781
1482,0.0013415813446044922
1483,0.0013414621353149414
1484,0.0013415813446044922
1485,0.001344919204711914
1486,0.0013661384582519531
1487,0.0013566017150878906
1488,0.0013513565063476562
1489,0.0013614892959594727
1490,0.0013523101806640625
1491,0.0013604164123535156
1492,0.0013562440872192383
1493,0.0013523101806640625
1494,0.0013537406921386719
1495,0.0013489723205566406
1496,0.0013494491577148438
1497,0.0013523101806640625
1498,0.0013556480407714844
1499,0.0013543367385864258
1500,0.0013616085052490234
1501,0.0013668537139892578
1502,0.0013585090637207031
1503,0.0013610124588012695
1504,0.0013756752014160156
1505,0.0013769865036010742
1506,0.0013762712478637695
1507,0.0013693571090698242
1508,0.0013648271560668945
1509,0.0013648271560668945
1510,0.0013719797134399414
1511,0.0013724565505981445
1512,0.0013768672943115234
1513,0.0013679265975952148
1514,0.0013753175735473633
1515,0.0013710260391235352
1516,0.0013647079467773438
1517,0.0013687610626220703
1518,0.0013740062713623047
1519,0.0013742446899414062
1520,0.0013741254806518555
1521,0.001378774642944336
1522,0.0013839006423950195
1523,0.0013800859451293945
1524,0.0013816356658935547
1525,0.0013790130615234375
1526,0.0013878345489501953
1527,0.0013831853866577148
1528,0.0013959407806396484
1529,0.0013947486877441406
1530,0.0013911724090576172
1531,0.0013974905014038086
1532,0.001392364501953125
1533,0.0013980865478515625
1534,0.0013924837112426758
1535,0.0013964176177978516
1536,0.001406550407409668
1537,0.0014493465423583984
1538,0.0014617443084716797
1539,0.0014559030532836914
1540,0.0014594793319702148
1541,0.0014547109603881836
1542,0.0014507770538330078
1543,0.0014564990997314453
1544,0.001454472541809082
1545,0.0014640092849731445
1546,0.001454472541809082
1547,0.001454472541809082
1548,0.001450181007385254
1549,0.0014590024948120117
1550,0.0014581680297851562
1551,0.0014525651931762695
1552,0.001455068588256836
1553,0.001460433006286621
1554,0.0014696121215820312
1555,0.0014522075653076172
1556,0.0014727115631103516
1557,0.001466989517211914
1558,0.0014617443084716797
1559,0.0014630556106567383
1560,0.0014655590057373047
1561,0.0014667510986328125
1562,0.0014897584915161133
1563,0.0014702081680297852
1564,0.0014780759811401367
1565,0.0014688968658447266
1566,0.0014786720275878906
1567,0.0014737844467163086
1568,0.001478433609008789
1569,0.001482248306274414
1570,0.001477956771850586
1571,0.0014801025390625
1572,0.0014785528182983398
1573,0.0014781951904296875
1574,0.0014809370040893555
1575,0.0014814138412475586
1576,0.001482844352722168
1577,0.0014903545379638672
1578,0.0014832019805908203
1579,0.0014879703521728516
1580,0.0014847517013549805
1581,0.0014902353286743164
1582,0.0014867782592773438
1583,0.0014916658401489258
1584,0.0014824867248535156
1585,0.0014816522598266602
1586,0.0014835596084594727
1587,0.0014872550964355469
1588,0.0014834403991699219
1589,0.001479506492614746
1590,0.001486659049987793
1591,0.0014892816543579102
1592,0.0014832019805908203
1593,0.0014858245849609375
1594,0.0014907121658325195
1595,0.0014938116073608398
1596,0.001492619514465332
1597,0.0014823675155639648
1598,0.001487135887145996
1599,0.001490950584411621
1600,0.0014902353286743164
1601,0.0015058517456054688
1602,0.0015063285827636719
1603,0.0015014410018920898
1604,0.0014961957931518555
1605,0.0014973878860473633
1606,0.001505732536315918
1607,0.001504063606262207
1608,0.0014961957931518555
1609,0.0014933347702026367
1610,0.0015003681182861328
1611,0.0014901161193847656
1612,0.0014911890029907227
1613,0.0015009641647338867
1614,0.00150299072265625
1615,0.0014982223510742188
1616,0.0015094280242919922
1617,0.0015004873275756836
1618,0.0015032291412353516
1619,0.0015000104904174805
1620,0.0015026330947875977
1621,0.0014984607696533203
1622,0.0015007257461547852
1623,0.0014941692352294922
1624,0.0015001296997070312
1625,0.0015014410018920898
1626,0.0015050172805786133
1627,0.0015143156051635742
1628,0.0015083551406860352
1629,0.0015063285827636719
1630,0.0015109777450561523
1631,0.0015105009078979492
1632,0.0015041828155517578
1633,0.0015110969543457031
1634,0.0015108585357666016
1635,0.0015079975128173828
1636,0.0015103816986083984
1637,0.001512289047241211
1638,0.0015124082565307617
1639,0.0015152692794799805
1640,0.0015213489532470703
1641,0.001515507698059082
1642,0.0015194416046142578
1643,0.0015282630920410156
1644,0.001520395278930664
1645,0.0015267133712768555
1646,0.0015327930450439453
1647,0.0015244483947753906
1648,0.0015251636505126953
1649,0.001524806022644043
1650,0.0015211105346679688
1651,0.0015205144882202148
1652,0.0015285015106201172
1653,0.0015407800674438477
1654,0.0015408992767333984
1655,0.0015330314636230469
1656,0.001534104347229004
1657,0.0015295743942260742
1658,0.0015263557434082031
1659,0.001536726951599121
1660,0.00152587890625
1661,0.001535654067993164
1662,0.001534104347229004
1663,0.0015391111373901367
1664,0.0015287399291992188
1665,0.0015606880187988281
1666,0.0015566349029541016
1667,0.0015606880187988281
1668,0.0015592575073242188
1669,0.001555323600769043
1670,0.0015691518783569336
1671,0.001574873924255371
1672,0.0015784502029418945
1673,0.0015665292739868164
1674,0.0015802383422851562
1675,0.0015673637390136719
1676,0.0015772581100463867
1677,0.001575469970703125
1678,0.0015486478805541992
1679,0.0015714168548583984
1680,0.0015693902969360352
1681,0.0015703439712524414
1682,0.0015590190887451172
1683,0.001570582389831543
1684,0.0015801191329956055
1685,0.0015691518783569336
1686,0.0015791654586791992
1687,0.0015698671340942383
1688,0.0015723705291748047
1689,0.0015701055526733398
1690,0.0015671253204345703
1691,0.0015783309936523438
1692,0.0015807151794433594
1693,0.0015723705291748047
1694,0.0015764236450195312
1695,0.0015770196914672852
1696,0.0015808343887329102
1697,0.0015827417373657227
1698,0.0015779733657836914
1699,0.0015871524810791016
1700,0.001592874526977539
1701,0.0015810728073120117
1702,0.0015833377838134766
1703,0.0015894174575805664
1704,0.0015799999237060547
1705,0.0015816688537597656
1706,0.0015856027603149414
1707,0.0015910863876342773
1708,0.001583099365234375
1709,0.0015845298767089844
1710,0.0015853643417358398
1711,0.0015904903411865234
1712,0.0015891790390014648
1713,0.001603841781616211
1714,0.0015853643417358398
1715,0.0015940666198730469
1716,0.0015940666198730469
1717,0.001592874526977539
1718,0.0016028881072998047
1719,0.0015904903411865234
1720,0.0015988349914550781
1721,0.0015988349914550781
1722,0.0015932321548461914
1723,0.001597285270690918
1724,0.0015970468521118164
1725,0.0015999078750610352
1726,0.0016006231307983398
1727,0.0015981197357177734
1728,0.0016120672225952148
1729,0.001625657081604004
1730,0.0016129016876220703
1731,0.0016188621520996094
1732,0.00162506103515625
1733,0.0016199350357055664
1734,0.0016207695007324219
1735,0.0016243457794189453
1736,0.0016280412673950195
1737,0.0016208887100219727
1738,0.0016251802444458008
1739,0.0016374588012695312
1740,0.0016232728958129883
1741,0.001621842384338379
1742,0.0016232728958129883
1743,0.0016336441040039062
1744,0.0016279220581054688
1745,0.0016281604766845703
1746,0.0016263723373413086
1747,0.0016301870346069336
1748,0.0016300678253173828
1749,0.0016428232192993164
1750,0.0016287565231323242
1751,0.0016258955001831055
1752,0.0016350746154785156
1753,0.0016306638717651367
1754,0.0016335248947143555
1755,0.00164031982421875
1756,0.001647353172302246
1757,0.0016440153121948242
1758,0.0016463994979858398
1759,0.0016390085220336914
1760,0.0016407966613769531
1761,0.001637578010559082
1762,0.0016512870788574219
1763,0.00164794921875
1764,0.0016547441482543945
1765,0.0016421079635620117
1766,0.0016518831253051758
1767,0.0016463994979858398
1768,0.0016520023345947266
1769,0.0016574859619140625
1770,0.0016595125198364258
1771,0.001659989356994629
1772,0.001649618148803711
1773,0.0016546249389648438
1774,0.001659989356994629
1775,0.0016646385192871094
1776,0.0016601085662841797
1777,0.0016527175903320312
1778,0.0016660690307617188
1779,0.0016584396362304688
1780,0.0016562938690185547
1781,0.0016590356826782227
1782,0.0016669034957885742
1783,0.0016578435897827148
1784,0.0016624927520751953
1785,0.001662611961364746
1786,0.0016703605651855469
1787,0.0016646385192871094
1788,0.0016603469848632812
1789,0.0016609430313110352
1790,0.0016654729843139648
1791,0.0016645193099975586
1792,0.0016710758209228516
1793,0.0016993284225463867
1794,0.0017038583755493164
1795,0.0016897916793823242
1796,0.0017039775848388672
1797,0.001691579818725586
1798,0.0017032623291015625
1799,0.0016990900039672852
1800,0.0016978979110717773
1801,0.0017038583755493164
1802,0.0017060041427612305
1803,0.0017086267471313477
1804,0.001704573631286621
1805,0.0017008781433105469
1806,0.001712203025817871
1807,0.00170135498046875
1808,0.0016995668411254883
1809,0.0017033815383911133
1810,0.0016912221908569336
1811,0.001700282096862793
1812,0.0017125606536865234
1813,0.0016989707946777344
1814,0.0017119646072387695
1815,0.001712799072265625
1816,0.0017194747924804688
1817,0.001721024513244629
1818,0.0017048120498657227
1819,0.0017169713973999023
1820,0.0017139911651611328
1821,0.001725316047668457
1822,0.0017167329788208008
1823,0.0017247200012207031
1824,0.001721501350402832
1825,0.001722097396850586
1826,0.0017262697219848633
1827,0.0017218589782714844
1828,0.0017331838607788086
1829,0.001718759536743164
1830,0.0017333030700683594
1831,0.0017261505126953125
1832,0.0017282962799072266
1833,0.001723170280456543
1834,0.0017366409301757812
1835,0.0017268657684326172
1836,0.0017293691635131836
1837,0.0017277002334594727
1838,0.0017268657684326172
1839,0.001729130744934082
1840,0.0017241239547729492
1841,0.0017241239547729492
1842,0.0017188787460327148
1843,0.0017188787460327148
1844,0.0017216205596923828
1845,0.0017333030700683594
1846,0.0017191171646118164
1847,0.0017446279525756836
1848,0.001734018325805664
1849,0.0017272233963012695
1850,0.0017325878143310547
1851,0.001735091209411621
1852,0.0017371177673339844
1853,0.0017341375350952148
1854,0.001734614372253418
1855,0.0017470121383666992
1856,0.0017354488372802734
1857,0.001743316650390625
1858,0.0017529726028442383
1859,0.001766800880432129
1860,0.0017522573471069336
1861,0.0017547607421875
1862,0.0017595291137695312
1863,0.001742720603942871
1864,0.0017590522766113281
1865,0.0017652511596679688
1866,0.001762986183166504
1867,0.0017635822296142578
1868,0.0017659664154052734
1869,0.0017511844635009766
1870,0.0017638206481933594
1871,0.0017570257186889648
1872,0.001759171485900879
1873,0.0017682313919067383
1874,0.0017635822296142578
1875,0.0017652511596679688
1876,0.0017691850662231445
1877,0.0017753839492797852
1878,0.0017637014389038086
1879,0.0017664432525634766
1880,0.0017871856689453125
1881,0.001767277717590332
1882,0.0017633438110351562
1883,0.0017638206481933594
1884,0.0017832517623901367
1885,0.0017849206924438477
1886,0.0017870664596557617
1887,0.0017788410186767578
1888,0.0017910003662109375
1889,0.0017850399017333984
1890,0.0017839670181274414
1891,0.0017817020416259766
1892,0.0017877817153930664
1893,0.0017855167388916016
1894,0.0017873048782348633
1895,0.0017775297164916992
1896,0.001782536506652832
1897,0.0017762184143066406
1898,0.0017817020416259766
1899,0.0017940998077392578
1900,0.001790761947631836
1901,0.0017839670181274414
1902,0.001783132553100586
1903,0.0017806291580200195
1904,0.0017986297607421875
1905,0.0017958879470825195
1906,0.0018001794815063477
1907,0.001785874366760254
1908,0.0017900466918945312
1909,0.0017924308776855469
1910,0.0018013715744018555
1911,0.0018148422241210938
1912,0.0018079280853271484
1913,0.0018023252487182617
1914,0.0018044710159301758
1915,0.0018061399459838867
1916,0.0018088817596435547
1917,0.0018059015274047852
1918,0.0018008947372436523
1919,0.001807093620300293
1920,0.0018155574798583984
1921,0.0018219947814941406
1922,0.0018292665481567383
1923,0.0018270015716552734
1924,0.0018286705017089844
1925,0.0018262863159179688
1926,0.0018292665481567383
1927,0.001825571060180664
1928,0.0018352270126342773
1929,0.0018308162689208984
1930,0.0018347501754760742
1931,0.0018355846405029297
1932,0.0018279552459716797
1933,0.0018290281295776367
1934,0.0018273591995239258
1935,0.0018409490585327148
1936,0.001832723617553711
1937,0.0018377304077148438
1938,0.0018351078033447266
1939,0.0018368959426879883
1940,0.0018281936645507812
1941,0.0018237829208374023
1942,0.001829385757446289
1943,0.0018216371536254883
1944,0.001826167106628418
1945,0.001811981201171875
1946,0.0018270015716552734
1947,0.0018262863159179688
1948,0.0018328428268432617
1949,0.0018390417098999023
1950,0.001851201057434082
1951,0.0018445253372192383
1952,0.0018367767333984375
1953,0.0018579959869384766
1954,0.001843094825744629
1955,0.0018465518951416016
1956,0.0018393993377685547
1957,0.0018470287322998047
1958,0.0018459558486938477
1959,0.0018426179885864258
1960,0.001849532127380371
1961,0.0018526315689086914
1962,0.0018534660339355469
1963,0.001855015754699707
1964,0.0018596649169921875
1965,0.0018548965454101562
1966,0.0018625259399414062
1967,0.001862645149230957
1968,0.0018578767776489258
1969,0.001856088638305664
1970,0.001865983009338379
1971,0.0018581151962280273
1972,0.0018520355224609375
1973,0.0018525123596191406
1974,0.0018459558486938477
1975,0.001851797103881836
1976,0.001857757568359375
1977,0.001863718032836914
1978,0.0018625259399414062
1979,0.0018581151962280273
1980,0.0018582344055175781
1981,0.0018634796142578125
1982,0.001860976219177246
1983,0.0018591880798339844
1984,0.0018593072891235352
1985,0.0018712282180786133
1986,0.001879572868347168
1987,0.0018703937530517578
1988,0.001881718635559082
1989,0.0018819570541381836
1990,0.0018851757049560547
1991,0.0018825531005859375
1992,0.0019023418426513672
1993,0.0018835067749023438
1994,0.0018794536590576172
1995,0.0018923282623291016
1996,0.0018947124481201172
1997,0.001890420913696289
1998,0.0018908977508544922
1999,0.001887202262878418
2000,0.0018907785415649414
2001,0.001886129379272461
2002,0.0018934011459350586
2003,0.0018918514251708984
2004,0.001889348030090332
2005,0.0018901824951171875
2006,0.0018819570541381836
2007,0.0018864870071411133
2008,0.0018864870071411133
2009,0.0018835067749023438
2010,0.0018829107284545898
2011,0.0018819570541381836
2012,0.0018919706344604492
2013,0.0018886327743530273
2014,0.001893758773803711
2015,0.0019000768661499023
2016,0.0018895864486694336
2017,0.0018919706344604492
2018,0.0018994808197021484
2019,0.001901865005493164
2020,0.0018901824951171875
2021,0.0019004344940185547
2022,0.0018867254257202148
2023,0.001894831657409668
2024,0.0018928050994873047
2025,0.0018938779830932617
2026,0.0018996000289916992
2027,0.0019135475158691406
2028,0.0019218921661376953
2029,0.0019071102142333984
2030,0.001906275749206543
2031,0.0019055604934692383
2032,0.0019078254699707031
2033,0.001905679702758789
2034,0.0019086599349975586
2035,0.0019180774688720703
2036,0.0019131898880004883
2037,0.0019114017486572266
2038,0.0019192695617675781
2039,0.00191497802734375
2040,0.0019168853759765625
2041,0.0019245147705078125
2042,0.001931905746459961
2043,0.0019205808639526367
2044,0.0019276142120361328
2045,0.0019360780715942383
2046,0.0019259452819824219
2047,0.0019136667251586914
2048,0.0019307136535644531
2049,0.0021096467971801758
2050,0.0021300315856933594
2051,0.0021219253540039062
2052,0.002117753028869629
2053,0.0021295547485351562
2054,0.0021265745162963867
2055,0.0021142959594726562
2056,0.0021299123764038086
2057,0.0021209716796875
2058,0.0021175146102905273
2059,0.0021326541900634766
2060,0.0021359920501708984
2061,0.0021352767944335938
2062,0.002119779586791992
2063,0.002136707305908203
2064,0.002129077911376953
2065,0.002137422561645508
2066,0.0021233558654785156
2067,0.002139568328857422
2068,0.0021284818649291992
2069,0.002134561538696289
2070,0.002135038375854492
2071,0.002133011817932129
2072,0.0021514892578125
2073,0.0021425485610961914
2074,0.0021562576293945312
2075,0.002143383026123047
2076,0.002161741256713867
2077,0.0021420717239379883
2078,0.002152681350708008
2079,0.0021671056747436523
2080,0.0021622180938720703
2081,0.0021518468856811523
2082,0.0021636486053466797
2083,0.0021736621856689453
2084,0.0021474361419677734
2085,0.002153158187866211
2086,0.0021500587463378906
2087,0.0021500587463378906
2088,0.0021425485610961914
2089,0.002142667770385742
2090,0.0021549463272094727
2091,0.002147197723388672
2092,0.0021524429321289062
2093,0.0021554231643676758
2094,0.002155900001525879
2095,0.002157449722290039
2096,0.0021483898162841797
2097,0.0021544694900512695
2098,0.0021556615829467773
2099,0.0021513700485229492
2100,0.0021517276763916016
2101,0.0021479129791259766
2102,0.002147197723388672
2103,0.0021477937698364258
2104,0.002164006233215332
2105,0.0021452903747558594
2106,0.0021533966064453125
2107,0.002155900001525879
2108,0.0021582841873168945
2109,0.0021467208862304688
2110,0.0021556615829467773
2111,0.0021497011184692383
2112,0.002157926559448242
2113,0.0021680593490600586
2114,0.0021660327911376953
2115,0.0021730661392211914
2116,0.002167224884033203
2117,0.0021622180938720703
2118,0.0021712779998779297
2119,0.0021851062774658203
2120,0.0021702051162719727
2121,0.0021799802780151367
2122,0.0021834373474121094
2123,0.002184629440307617
2124,0.00217592716217041
2125,0.0021789073944091797
2126,0.0021791458129882812
2127,0.002210259437561035
2128,0.002196073532104492
2129,0.002195596694946289
2130,0.0021800994873046875
2131,0.002190828323364258
2132,0.002177715301513672
2133,0.002178788185119629
2134,0.0021924972534179688
2135,0.002191781997680664
2136,0.002195119857788086
2137,0.0022014379501342773
2138,0.002197861671447754
2139,0.002195119857788086
2140,0.002217888832092285
2141,0.0022017955780029297
2142,0.002200007438659668
2143,0.002195596694946289
2144,0.0022095441818237305
2145,0.0021997690200805664
2146,0.0022008419036865234
2147,0.002183079719543457
2148,0.002195119857788086
2149,0.0021840333938598633
2150,0.002201676368713379
2151,0.0021981000900268555
2152,0.0021959543228149414
2153,0.0021865367889404297
2154,0.002202153205871582
2155,0.0021959543228149414
2156,0.002192258834838867
2157,0.002193450927734375
2158,0.0022133588790893555
2159,0.002188563346862793
2160,0.0021865367889404297
2161,0.0021971464157104492
2162,0.0021975040435791016
2163,0.0021992921829223633
2164,0.0021909475326538086
2165,0.0022066831588745117
2166,0.0022017955780029297
2167,0.00219881534576416
2168,0.0022031068801879883
2169,0.002203702926635742
2170,0.0021973848342895508
2171,0.002204298973083496
2172,0.002201080322265625
2173,0.00219881534576416
2174,0.002207040786743164
2175,0.002202153205871582
2176,0.002213597297668457
2177,0.002232193946838379
2178,0.002220630645751953
2179,0.00222623348236084
2180,0.0022182464599609375
2181,0.0022389888763427734
2182,0.0022379159927368164
2183,0.0022268295288085938
2184,0.0022214651107788086
2185,0.0022181272506713867
2186,0.0022313594818115234
2187,0.0022208690643310547
2188,0.0022281408309936523
2189,0.0022351741790771484
2190,0.002240300178527832
2191,0.0022430419921875
2192,0.0022362470626831055
2193,0.002226710319519043
2194,0.0022318363189697266
2195,0.0022352933883666992
2196,0.0022356510162353516
2197,0.0022231340408325195
2198,0.002233147621154785
2199,0.0022314786911010742
2200,0.0022393465042114258
2201,0.002231597900390625
2202,0.0022355318069458008
2203,0.0022472143173217773
2204,0.002247333526611328
2205,0.0022481679916381836
2206,0.0022482872009277344
2207,0.0022317171096801758
2208,0.00225222110748291
2209,0.0022416114807128906
2210,0.0022428035736083984
2211,0.002244234085083008
2212,0.0022498369216918945
2213,0.002252340316772461
2214,0.002263188362121582
2215,0.002243518829345703
2216,0.0022519826889038086
2217,0.0022524595260620117
2218,0.002254009246826172
2219,0.0022546052932739258
2220,0.002252936363220215
2221,0.0022574663162231445
2222,0.0022596120834350586
2223,0.002261519432067871
2224,0.0022569894790649414
2225,0.002263307571411133
2226,0.0022614002227783203
2227,0.0022547245025634766
2228,0.0022542476654052734
2229,0.0022652149200439453
2230,0.0022705793380737305
2231,0.0022782087326049805
2232,0.0022687911987304688
2233,0.002271413803100586
2234,0.002276301383972168
2235,0.00226747989654541
2236,0.0022611618041992188
2237,0.0022667646408081055
2238,0.0022658109664916992
2239,0.0022777318954467773
2240,0.002262711524963379
2241,0.0022586584091186523
2242,0.0022683143615722656
2243,0.0022640228271484375
2244,0.0022634267807006836
2245,0.002273082733154297
2246,0.0022619962692260742
2247,0.002281785011291504
2248,0.0022851228713989258
2249,0.002277970314025879
2250,0.0022754669189453125
2251,0.0022603273391723633
2252,0.0022804737091064453
2253,0.0022792816162109375
2254,0.002280712127685547
2255,0.002276778221130371
2256,0.002276897430419922
2257,0.0022906064987182617
2258,0.0022815465927124023
2259,0.002294301986694336
2260,0.0023012161254882812
2261,0.0023012161254882812
2262,0.0022902488708496094
2263,0.0023005008697509766
2264,0.002308964729309082
2265,0.0023096799850463867
2266,0.0023097991943359375
2267,0.0023093223571777344
2268,0.002312779426574707
2269,0.00231325626373291
2270,0.002286553382873535
2271,0.002290964126586914
2272,0.002302885055541992
2273,0.0023037195205688477
2274,0.002293109893798828
2275,0.0023088455200195312
2276,0.0022984743118286133
2277,0.0023047924041748047
2278,0.0023107528686523438
2279,0.002306222915649414
2280,0.0023125410079956055
2281,0.0023012161254882812
2282,0.002306818962097168
2283,0.002325296401977539
2284,0.0023179054260253906
2285,0.00230252742767334
2286,0.002307891845703125
2287,0.0023064613342285156
2288,0.002324819564819336
2289,0.0023163557052612305
2290,0.0023168325424194336
2291,0.002304553985595703
2292,0.00231170654296875
2293,0.002328634262084961
2294,0.0023134946823120117
2295,0.00230252742767334
2296,0.002318739891052246
2297,0.002308487892150879
2298,0.002327561378479004
2299,0.0023194551467895508
2300,0.0023195743560791016
2301,0.002310633659362793
2302,0.002326369285583496
2303,0.002333402633666992
2304,0.0023233890533447266
2305,0.0023354291915893555
2306,0.0023436546325683594
2307,0.00234830379486084
2308,0.002348780632019043
2309,0.002356290817260742
2310,0.002350330352783203
2311,0.002346038818359375
2312,0.0023423433303833008
2313,0.002351999282836914
2314,0.002333998680114746
2315,0.002367734909057617
2316,0.0023421049118041992
2317,0.002353668212890625
2318,0.002341747283935547
2319,0.002358675003051758
2320,0.00235748291015625
2321,0.002352476119995117
2322,0.002354145050048828
2323,0.0023484230041503906
2324,0.0023478269577026367
2325,0.002344846725463867
2326,0.0023535490036010742
2327,0.0023620128631591797
2328,0.0023484230041503906
2329,0.0023523569107055664
2330,0.0023654699325561523
2331,0.00234377384185791
2332,0.0023474693298339844
2333,0.0023578405380249023
2334,0.0023593902587890625
2335,0.0023516416549682617
2336,0.0023730993270874023
2337,0.0023670196533203125
2338,0.002367377281188965
2339,0.0023589134216308594
2340,0.0023682117462158203
2341,0.002379298210144043
2342,0.002375483512878418
2343,0.0023653507232666016
2344,0.0024002790451049805
2345,0.002381563186645508
2346,0.0023702383041381836
2347,0.002384662628173828
2348,0.0023920536041259766
2349,0.0023851394653320312
2350,0.0023952722549438477
2351,0.002382636070251465
2352,0.0023900270462036133
2353,0.0023903846740722656
2354,0.002393007278442383
2355,0.002395153045654297
2356,0.0023894309997558594
2357,0.0023970603942871094
2358,0.0024030208587646484
2359,0.0024012327194213867
2360,0.002398848533630371
2361,0.0023784637451171875
2362,0.002390742301940918
2363,0.0023775100708007812
2364,0.00238800048828125
2365,0.0023931264877319336
2366,0.002396225929260254
2367,0.002382993698120117
2368,0.002383112907409668
2369,0.0023970603942871094
2370,0.002406477928161621
2371,0.0024003982543945312
2372,0.002398848533630371
2373,0.002404928207397461
2374,0.0024118423461914062
2375,0.002398252487182617
2376,0.0023993253707885742
2377,0.002393960952758789
2378,0.0024088621139526367
2379,0.002399444580078125
2380,0.002407550811767578
2381,0.0023938417434692383
2382,0.0023986101150512695
2383,0.0024204254150390625
2384,0.002408146858215332
2385,0.002408266067504883
2386,0.0024112462997436523
2387,0.0024019479751586914
2388,0.0023956298828125
2389,0.0024089813232421875
2390,0.0023995637893676758
2391,0.0023908615112304688
2392,0.0023889541625976562
2393,0.0023850202560424805
2394,0.0024085044860839844
2395,0.002425074577331543
2396,0.0024222135543823242
2397,0.0024389028549194336
2398,0.002427220344543457
2399,0.0024336576461791992
2400,0.0024303197860717773
2401,0.002425074577331543
2402,0.0024269819259643555
2403,0.0024268627166748047
2404,0.002434849739074707
2405,0.0024286508560180664
2406,0.00243532657623291
2407,0.0024373531341552734
2408,0.002435922622680664
2409,0.0024222135543823242
2410,0.002438783645629883
2411,0.0024318695068359375
2412,0.0024416446685791016
2413,0.0024573802947998047
2414,0.002428293228149414
2415,0.0024453401565551758
2416,0.0024306774139404297
2417,0.002431154251098633
2418,0.002441883087158203
2419,0.0024242401123046875
2420,0.002418041229248047
2421,0.00244140625
2422,0.002423882484436035
2423,0.0024175643920898438
2424,0.002428293228149414
2425,0.0024411678314208984
2426,0.0024423599243164062
2427,0.0024384260177612305
2428,0.002443075180053711
2429,0.0024346113204956055
2430,0.002435922622680664
2431,0.002444148063659668
2432,0.0024404525756835938
2433,0.002481698989868164
2434,0.002466917037963867
2435,0.0024808645248413086
2436,0.002468585968017578
2437,0.0024672746658325195
2438,0.002480626106262207
2439,0.002476334571838379
2440,0.0024785995483398438
2441,0.0024788379669189453
2442,0.0024945735931396484
2443,0.0024782419204711914
2444,0.0024813413619995117
2445,0.0024825334548950195
2446,0.0024793148040771484
2447,0.0024886131286621094
2448,0.0024760961532592773
2449,0.002484440803527832
2450,0.002485990524291992
2451,0.0024847984313964844
2452,0.002485513687133789
2453,0.0024908781051635742
2454,0.0024881362915039062
2455,0.002478361129760742
2456,0.0024831295013427734
2457,0.0024857521057128906
2458,0.0024853944778442383
2459,0.0024906396865844727
2460,0.002501249313354492
2461,0.0024945735931396484
2462,0.0024919509887695312
2463,0.002488851547241211
2464,0.002468585968017578
2465,0.002480626106262207
2466,0.0024988651275634766
2467,0.002469301223754883
2468,0.0024895668029785156
2469,0.0024906396865844727
2470,0.0025069713592529297
2471,0.0025075674057006836
2472,0.002503633499145508
2473,0.0025033950805664062
2474,0.0025267601013183594
2475,0.0025076866149902344
2476,0.002485036849975586
2477,0.0024966001510620117
2478,0.002485036849975586
2479,0.0025020837783813477
2480,0.00250244140625
2481,0.002500772476196289
2482,0.00249636173248291
2483,0.00249636173248291
2484,0.002504587173461914
2485,0.002497434616088867
2486,0.0024911165237426758
2487,0.002501964569091797
2488,0.0024913549423217773
2489,0.0024892091751098633
2490,0.00248563289642334
2491,0.002499699592590332
2492,0.0025022029876708984
2493,0.0024843215942382812
2494,0.0025190114974975586
2495,0.0025025606155395508
2496,0.002497553825378418
2497,0.002516627311706543
2498,0.0025107860565185547
2499,0.002518177032470703
2500,0.0025343894958496094
2501,0.0025391578674316406
2502,0.0025277137756347656
2503,0.0025273561477661133
2504,0.002532958984375
2505,0.0025328397750854492
2506,0.0025310516357421875
2507,0.0025140047073364258
2508,0.002511739730834961
2509,0.002530217170715332
2510,0.002512216567993164
2511,0.0025110244750976562
2512,0.0025205612182617188
2513,0.0025186538696289062
2514,0.0025349855422973633
2515,0.0025249719619750977
2516,0.002515554428100586
2517,0.0025254487991333008
2518,0.002526402473449707
2519,0.0025365352630615234
2520,0.0025266408920288086
2521,0.002538442611694336
2522,0.0025360584259033203
2523,0.002550482749938965
2524,0.0025446414947509766
2525,0.0025292634963989258
2526,0.0025327205657958984
2527,0.0025544166564941406
2528,0.0025371313095092773
2529,0.002534151077270508
2530,0.002532482147216797
2531,0.002535223960876465
2532,0.002526402473449707
2533,0.0025304555892944336
2534,0.002532958984375
2535,0.0025388002395629883
2536,0.0025408267974853516
2537,0.002538919448852539
2538,0.00253903865814209
2539,0.002534031867980957
2540,0.0025388002395629883
2541,0.0025506019592285156
2542,0.002538919448852539
2543,0.0025413036346435547
